{
    "validation_accuracy": 0.9833333333333333,
    "test_accuracy": 0.9866666666666667,
    "report": {
        "alien": {
            "precision": 1.0,
            "recall": 0.9666666666666667,
            "f1-score": 0.9830508474576272,
            "support": 30.0
        },
        "korean_heart": {
            "precision": 0.967741935483871,
            "recall": 1.0,
            "f1-score": 0.9836065573770492,
            "support": 30.0
        },
        "ok": {
            "precision": 0.967741935483871,
            "recall": 1.0,
            "f1-score": 0.9836065573770492,
            "support": 30.0
        },
        "peace": {
            "precision": 1.0,
            "recall": 1.0,
            "f1-score": 1.0,
            "support": 30.0
        },
        "surfer": {
            "precision": 1.0,
            "recall": 0.9666666666666667,
            "f1-score": 0.9830508474576272,
            "support": 30.0
        },
        "accuracy": 0.9866666666666667,
        "macro avg": {
            "precision": 0.9870967741935484,
            "recall": 0.9866666666666667,
            "f1-score": 0.9866629619338706,
            "support": 150.0
        },
        "weighted avg": {
            "precision": 0.9870967741935484,
            "recall": 0.9866666666666667,
            "f1-score": 0.9866629619338706,
            "support": 150.0
        }
    }
}